ID	 Type	Anticodon	Aminoacids
tRFdb-5001a	 tRF-5	GTA	Tyr
tRFdb-5001a	 tRF-5	GTA	Tyr
tRFdb-5001a	 tRF-5	GTA	Tyr
tRFdb-5001a	 tRF-5	GTA	Tyr
tRFdb-5001a	 tRF-5	GTA	Tyr
tRFdb-5001a	 tRF-5	GTA	Tyr
tRFdb-5001a	 tRF-5	GTA	Tyr
tRFdb-5001a	 tRF-5	GTA	Tyr
tRFdb-5001a	 tRF-5	GTA	Tyr
tRFdb-5001a	 tRF-5	GTA	Tyr
tRFdb-5001a	 tRF-5	GTA	Tyr
tRFdb-5001b	 tRF-5	GTA	Tyr
tRFdb-5001b	 tRF-5	GTA	Tyr
tRFdb-5001b	 tRF-5	GTA	Tyr
tRFdb-5001b	 tRF-5	GTA	Tyr
tRFdb-5001b	 tRF-5	GTA	Tyr
tRFdb-5001b	 tRF-5	GTA	Tyr
tRFdb-5001b	 tRF-5	GTA	Tyr
tRFdb-5001b	 tRF-5	GTA	Tyr
tRFdb-5002a	 tRF-5	CCG	Arg
tRFdb-5002b	 tRF-5	CCG	Arg
tRFdb-5002c	 tRF-5	CCG	Arg
tRFdb-5003b	 tRF-5	GCC	Gly
tRFdb-5003b	 tRF-5	GCC	Gly
tRFdb-5003b	 tRF-5	GCC	Gly
tRFdb-5003b	 tRF-5	GCC	Gly
tRFdb-5003b	 tRF-5	GCC	Gly
tRFdb-5003c	 tRF-5	GCC	Gly
tRFdb-5003c	 tRF-5	GCC	Gly
tRFdb-5003c	 tRF-5	GCC	Gly
tRFdb-5003c	 tRF-5	GCC	Gly
tRFdb-5003c	 tRF-5	GCC	Gly
tRFdb-5004b	 tRF-5	GCC	Gly
tRFdb-5004b	 tRF-5	GCC	Gly
tRFdb-5004b	 tRF-5	GCC	Gly
tRFdb-5004b	 tRF-5	GCC	Gly
tRFdb-5004b	 tRF-5	GCC	Gly
tRFdb-5004b	 tRF-5	GCC	Gly
tRFdb-5004b	 tRF-5	GCC	Gly
tRFdb-5004b	 tRF-5	GCC	Gly
tRFdb-5004b	 tRF-5	CCC	Gly
tRFdb-5004b	 tRF-5	CCC	Gly
tRFdb-5004c	 tRF-5	GCC	Gly
tRFdb-5004c	 tRF-5	GCC	Gly
tRFdb-5004c	 tRF-5	GCC	Gly
tRFdb-5004c	 tRF-5	GCC	Gly
tRFdb-5004c	 tRF-5	GCC	Gly
tRFdb-5004c	 tRF-5	GCC	Gly
tRFdb-5004c	 tRF-5	GCC	Gly
tRFdb-5004c	 tRF-5	GCC	Gly
tRFdb-5004c	 tRF-5	CCC	Gly
tRFdb-5004c	 tRF-5	CCC	Gly
tRFdb-5005a	 tRF-5	CTT	Lys
tRFdb-5005a	 tRF-5	CTT	Lys
tRFdb-5005a	 tRF-5	CTT	Lys
tRFdb-5005a	 tRF-5	CTT	Lys
tRFdb-5005a	 tRF-5	CTT	Lys
tRFdb-5005a	 tRF-5	CTT	Lys
tRFdb-5005a	 tRF-5	CTT	Lys
tRFdb-5005a	 tRF-5	CTT	Lys
tRFdb-5005a	 tRF-5	CTT	Lys
tRFdb-5005a	 tRF-5	CTT	Lys
tRFdb-5005b	 tRF-5	CTT	Lys
tRFdb-5005b	 tRF-5	CTT	Lys
tRFdb-5005b	 tRF-5	CTT	Lys
tRFdb-5005b	 tRF-5	CTT	Lys
tRFdb-5005b	 tRF-5	CTT	Lys
tRFdb-5005b	 tRF-5	CTT	Lys
tRFdb-5005b	 tRF-5	CTT	Lys
tRFdb-5005b	 tRF-5	CTT	Lys
tRFdb-5005b	 tRF-5	CTT	Lys
tRFdb-5005b	 tRF-5	TTT	Lys
tRFdb-5005b	 tRF-5	TTT	Lys
tRFdb-5005b	 tRF-5	TTT	Lys
tRFdb-5005b	 tRF-5	TTT	Lys
tRFdb-5005b	 tRF-5	TTT	Lys
tRFdb-5005b	 tRF-5	TTT	Lys
tRFdb-5005c	 tRF-5	CTT	Lys
tRFdb-5005c	 tRF-5	CTT	Lys
tRFdb-5005c	 tRF-5	CTT	Lys
tRFdb-5005c	 tRF-5	CTT	Lys
tRFdb-5005c	 tRF-5	CTT	Lys
tRFdb-5005c	 tRF-5	CTT	Lys
tRFdb-5005c	 tRF-5	TTT	Lys
tRFdb-5005c	 tRF-5	TTT	Lys
tRFdb-5005c	 tRF-5	TTT	Lys
tRFdb-5005c	 tRF-5	TTT	Lys
tRFdb-5005c	 tRF-5	TTT	Lys
tRFdb-5005c	 tRF-5	TTT	Lys
tRFdb-5006c	 tRF-5	CTT	Lys
tRFdb-5006c	 tRF-5	CTT	Lys
tRFdb-5006c	 tRF-5	CTT	Lys
tRFdb-5007a	 tRF-5	CCC	Gly
tRFdb-5007a	 tRF-5	CCC	Gly
tRFdb-5007c	 tRF-5	CCC	Gly
tRFdb-5007c	 tRF-5	CCC	Gly
tRFdb-5008b	 tRF-5	TCC	Gly
tRFdb-5008b	 tRF-5	TCC	Gly
tRFdb-5008b	 tRF-5	TCC	Gly
tRFdb-5008b	 tRF-5	TCC	Gly
tRFdb-5008b	 tRF-5	TCC	Gly
tRFdb-5008b	 tRF-5	TCC	Gly
tRFdb-5008b	 tRF-5	TCC	Gly
tRFdb-5008c	 tRF-5	TCC	Gly
tRFdb-5008c	 tRF-5	TCC	Gly
tRFdb-5008c	 tRF-5	TCC	Gly
tRFdb-5008c	 tRF-5	TCC	Gly
tRFdb-5008c	 tRF-5	TCC	Gly
tRFdb-5008c	 tRF-5	TCC	Gly
tRFdb-5009a	 tRF-5	CAC	Val
tRFdb-5009b	 tRF-5	CAC	Val
tRFdb-5009c	 tRF-5	CAC	Val
tRFdb-5010a	 tRF-5	ACT	Ser
tRFdb-5010a	 tRF-5	GAT	Ile
tRFdb-5010a	 tRF-5	GAT	Ile
tRFdb-5010a	 tRF-5	GAT	Ile
tRFdb-5010a	 tRF-5	AAT	Ile
tRFdb-5010a	 tRF-5	AAT	Ile
tRFdb-5010a	 tRF-5	AAT	Ile
tRFdb-5010a	 tRF-5	AAT	Ile
tRFdb-5010a	 tRF-5	AAT	Ile
tRFdb-5010a	 tRF-5	AAT	Ile
tRFdb-5010a	 tRF-5	AAT	Ile
tRFdb-5010a	 tRF-5	AAT	Ile
tRFdb-5010a	 tRF-5	AAT	Ile
tRFdb-5010a	 tRF-5	AAT	Ile
tRFdb-5010a	 tRF-5	AAT	Ile
tRFdb-5010a	 tRF-5	AAT	Ile
tRFdb-5011a	 tRF-5	TGG	Pro
tRFdb-5011a	 tRF-5	TGG	Pro
tRFdb-5011a	 tRF-5	TGG	Pro
tRFdb-5011a	 tRF-5	TGG	Pro
tRFdb-5011a	 tRF-5	TGG	Pro
tRFdb-5011a	 tRF-5	TGG	Pro
tRFdb-5011a	 tRF-5	TGG	Pro
tRFdb-5011a	 tRF-5	CGG	Pro
tRFdb-5011a	 tRF-5	CGG	Pro
tRFdb-5011a	 tRF-5	CGG	Pro
tRFdb-5011a	 tRF-5	CGG	Pro
tRFdb-5011a	 tRF-5	AGG	Pro
tRFdb-5011a	 tRF-5	AGG	Pro
tRFdb-5011a	 tRF-5	AGG	Pro
tRFdb-5011a	 tRF-5	AGG	Pro
tRFdb-5011a	 tRF-5	AGG	Pro
tRFdb-5011a	 tRF-5	AGG	Pro
tRFdb-5011a	 tRF-5	AGG	Pro
tRFdb-5011a	 tRF-5	AGG	Pro
tRFdb-5011a	 tRF-5	AGG	Pro
tRFdb-5011a	 tRF-5	AGG	Pro
tRFdb-5012a	 tRF-5	TGG	Pro
tRFdb-5012a	 tRF-5	TGG	Pro
tRFdb-5012a	 tRF-5	TGG	Pro
tRFdb-5012a	 tRF-5	TGG	Pro
tRFdb-5012a	 tRF-5	TGG	Pro
tRFdb-5012a	 tRF-5	TGG	Pro
tRFdb-5012a	 tRF-5	CGG	Pro
tRFdb-5012a	 tRF-5	CGG	Pro
tRFdb-5012a	 tRF-5	CGG	Pro
tRFdb-5012a	 tRF-5	CGG	Pro
tRFdb-5012a	 tRF-5	AGG	Pro
tRFdb-5012a	 tRF-5	AGG	Pro
tRFdb-5012a	 tRF-5	AGG	Pro
tRFdb-5012a	 tRF-5	AGG	Pro
tRFdb-5012a	 tRF-5	AGG	Pro
tRFdb-5012a	 tRF-5	AGG	Pro
tRFdb-5012a	 tRF-5	AGG	Pro
tRFdb-5012a	 tRF-5	AGG	Pro
tRFdb-5012a	 tRF-5	AGG	Pro
tRFdb-5012a	 tRF-5	AGG	Pro
tRFdb-5012b	 tRF-5	TGG	Pro
tRFdb-5012b	 tRF-5	TGG	Pro
tRFdb-5012b	 tRF-5	TGG	Pro
tRFdb-5012b	 tRF-5	TGG	Pro
tRFdb-5012b	 tRF-5	TGG	Pro
tRFdb-5012b	 tRF-5	TGG	Pro
tRFdb-5012b	 tRF-5	CGG	Pro
tRFdb-5012b	 tRF-5	CGG	Pro
tRFdb-5012b	 tRF-5	CGG	Pro
tRFdb-5012b	 tRF-5	CGG	Pro
tRFdb-5012b	 tRF-5	AGG	Pro
tRFdb-5012b	 tRF-5	AGG	Pro
tRFdb-5012b	 tRF-5	AGG	Pro
tRFdb-5012b	 tRF-5	AGG	Pro
tRFdb-5012b	 tRF-5	AGG	Pro
tRFdb-5012b	 tRF-5	AGG	Pro
tRFdb-5012b	 tRF-5	AGG	Pro
tRFdb-5012b	 tRF-5	AGG	Pro
tRFdb-5012b	 tRF-5	AGG	Pro
tRFdb-5013b	 tRF-5	TGG	Pro
tRFdb-5013b	 tRF-5	TGG	Pro
tRFdb-5013b	 tRF-5	TGG	Pro
tRFdb-5013b	 tRF-5	TGG	Pro
tRFdb-5013b	 tRF-5	TGG	Pro
tRFdb-5013b	 tRF-5	TGG	Pro
tRFdb-5013b	 tRF-5	CGG	Pro
tRFdb-5013b	 tRF-5	CGG	Pro
tRFdb-5013b	 tRF-5	CGG	Pro
tRFdb-5013b	 tRF-5	CGG	Pro
tRFdb-5013b	 tRF-5	AGG	Pro
tRFdb-5013b	 tRF-5	AGG	Pro
tRFdb-5013b	 tRF-5	AGG	Pro
tRFdb-5013b	 tRF-5	AGG	Pro
tRFdb-5013b	 tRF-5	AGG	Pro
tRFdb-5013b	 tRF-5	AGG	Pro
tRFdb-5013b	 tRF-5	AGG	Pro
tRFdb-5013b	 tRF-5	AGG	Pro
tRFdb-5013b	 tRF-5	AGG	Pro
tRFdb-5013c	 tRF-5	TGG	Pro
tRFdb-5013c	 tRF-5	TGG	Pro
tRFdb-5013c	 tRF-5	TGG	Pro
tRFdb-5013c	 tRF-5	TGG	Pro
tRFdb-5013c	 tRF-5	TGG	Pro
tRFdb-5013c	 tRF-5	CGG	Pro
tRFdb-5013c	 tRF-5	CGG	Pro
tRFdb-5013c	 tRF-5	CGG	Pro
tRFdb-5013c	 tRF-5	CGG	Pro
tRFdb-5013c	 tRF-5	AGG	Pro
tRFdb-5013c	 tRF-5	AGG	Pro
tRFdb-5013c	 tRF-5	AGG	Pro
tRFdb-5013c	 tRF-5	AGG	Pro
tRFdb-5013c	 tRF-5	AGG	Pro
tRFdb-5013c	 tRF-5	AGG	Pro
tRFdb-5013c	 tRF-5	AGG	Pro
tRFdb-5013c	 tRF-5	AGG	Pro
tRFdb-5013c	 tRF-5	AGG	Pro
tRFdb-5014a	 tRF-5	ACG	Arg
tRFdb-5014a	 tRF-5	ACG	Arg
tRFdb-5014a	 tRF-5	ACG	Arg
tRFdb-5014a	 tRF-5	ACG	Arg
tRFdb-5014a	 tRF-5	ACG	Arg
tRFdb-5014a	 tRF-5	ACG	Arg
tRFdb-5014a	 tRF-5	ACG	Arg
tRFdb-5015a	 tRF-5	GTA	Tyr
tRFdb-5015a	 tRF-5	AGC	Ala
tRFdb-5015a	 tRF-5	GCA	Cys
tRFdb-5015a	 tRF-5	GCA	Cys
tRFdb-5015a	 tRF-5	GCA	Cys
tRFdb-5015a	 tRF-5	GCA	Cys
tRFdb-5015a	 tRF-5	GCA	Cys
tRFdb-5015a	 tRF-5	GCA	Cys
tRFdb-5015a	 tRF-5	GCA	Cys
tRFdb-5015a	 tRF-5	GCA	Cys
tRFdb-5015a	 tRF-5	GCA	Cys
tRFdb-5015a	 tRF-5	GCA	Cys
tRFdb-5015a	 tRF-5	GCA	Cys
tRFdb-5015a	 tRF-5	GCA	Cys
tRFdb-5015a	 tRF-5	GCA	Cys
tRFdb-5015a	 tRF-5	GCA	Cys
tRFdb-5015a	 tRF-5	GCA	Cys
tRFdb-5015a	 tRF-5	GCA	Cys
tRFdb-5015a	 tRF-5	GCA	Cys
tRFdb-5015a	 tRF-5	GCA	Cys
tRFdb-5015a	 tRF-5	GCA	Cys
tRFdb-5015a	 tRF-5	GCA	Cys
tRFdb-5015a	 tRF-5	GCA	Cys
tRFdb-5015a	 tRF-5	AGC	Ala
tRFdb-5015a	 tRF-5	AGC	Ala
tRFdb-5016a	 tRF-5	GTA	Tyr
tRFdb-5016a	 tRF-5	AGC	Ala
tRFdb-5016a	 tRF-5	GCA	Cys
tRFdb-5016a	 tRF-5	GCA	Cys
tRFdb-5016a	 tRF-5	GCA	Cys
tRFdb-5016a	 tRF-5	GCA	Cys
tRFdb-5016a	 tRF-5	GCA	Cys
tRFdb-5016a	 tRF-5	GCA	Cys
tRFdb-5016a	 tRF-5	GCA	Cys
tRFdb-5016a	 tRF-5	GCA	Cys
tRFdb-5016a	 tRF-5	GCA	Cys
tRFdb-5016a	 tRF-5	GCA	Cys
tRFdb-5016a	 tRF-5	GCA	Cys
tRFdb-5016a	 tRF-5	GCA	Cys
tRFdb-5016a	 tRF-5	GCA	Cys
tRFdb-5016a	 tRF-5	GCA	Cys
tRFdb-5016a	 tRF-5	GCA	Cys
tRFdb-5016a	 tRF-5	GCA	Cys
tRFdb-5016a	 tRF-5	GCA	Cys
tRFdb-5016a	 tRF-5	GCA	Cys
tRFdb-5016a	 tRF-5	GCA	Cys
tRFdb-5016a	 tRF-5	AGC	Ala
tRFdb-5016a	 tRF-5	AGC	Ala
tRFdb-5016c	 tRF-5	GCA	Cys
tRFdb-5016c	 tRF-5	GCA	Cys
tRFdb-5016c	 tRF-5	GCA	Cys
tRFdb-5016c	 tRF-5	GCA	Cys
tRFdb-5016c	 tRF-5	GCA	Cys
tRFdb-5017a	 tRF-5	AAC	Val
tRFdb-5017a	 tRF-5	GCA	Cys
tRFdb-5017a	 tRF-5	TGC	Ala
tRFdb-5017a	 tRF-5	TGC	Ala
tRFdb-5017a	 tRF-5	TGC	Ala
tRFdb-5017a	 tRF-5	TGC	Ala
tRFdb-5017a	 tRF-5	TGC	Ala
tRFdb-5017a	 tRF-5	CGC	Ala
tRFdb-5017a	 tRF-5	AGC	Ala
tRFdb-5017a	 tRF-5	AGC	Ala
tRFdb-5017a	 tRF-5	AGC	Ala
tRFdb-5017a	 tRF-5	AGC	Ala
tRFdb-5017a	 tRF-5	AGC	Ala
tRFdb-5017b	 tRF-5	AAC	Val
tRFdb-5017b	 tRF-5	GCA	Cys
tRFdb-5017b	 tRF-5	TGC	Ala
tRFdb-5017b	 tRF-5	TGC	Ala
tRFdb-5017b	 tRF-5	TGC	Ala
tRFdb-5017b	 tRF-5	TGC	Ala
tRFdb-5017b	 tRF-5	TGC	Ala
tRFdb-5017b	 tRF-5	CGC	Ala
tRFdb-5017b	 tRF-5	AGC	Ala
tRFdb-5017b	 tRF-5	AGC	Ala
tRFdb-5017b	 tRF-5	AGC	Ala
tRFdb-5017b	 tRF-5	AGC	Ala
tRFdb-5017b	 tRF-5	AGC	Ala
tRFdb-5017c	 tRF-5	CGC	Ala
tRFdb-5017c	 tRF-5	AGC	Ala
tRFdb-5017c	 tRF-5	AGC	Ala
tRFdb-5017c	 tRF-5	AGC	Ala
tRFdb-5017c	 tRF-5	AGC	Ala
tRFdb-5017c	 tRF-5	AGC	Ala
tRFdb-5019a	 tRF-5	TAG	Leu
tRFdb-5019a	 tRF-5	AAG	Leu
tRFdb-5019a	 tRF-5	AAG	Leu
tRFdb-5019a	 tRF-5	AAG	Leu
tRFdb-5019a	 tRF-5	AAG	Leu
tRFdb-5019a	 tRF-5	AAG	Leu
tRFdb-5019a	 tRF-5	AAG	Leu
tRFdb-5019a	 tRF-5	AAG	Leu
tRFdb-5019a	 tRF-5	AAG	Leu
tRFdb-5019b	 tRF-5	TAG	Leu
tRFdb-5019b	 tRF-5	AAG	Leu
tRFdb-5019b	 tRF-5	AAG	Leu
tRFdb-5019b	 tRF-5	AAG	Leu
tRFdb-5019b	 tRF-5	AAG	Leu
tRFdb-5019b	 tRF-5	AAG	Leu
tRFdb-5019b	 tRF-5	AAG	Leu
tRFdb-5019b	 tRF-5	AAG	Leu
tRFdb-5019b	 tRF-5	AAG	Leu
tRFdb-5020a	 tRF-5	TAC	Val
tRFdb-5020a	 tRF-5	TAC	Val
tRFdb-5020a	 tRF-5	TAC	Val
tRFdb-5020a	 tRF-5	TAC	Val
tRFdb-5020b	 tRF-5	TAC	Val
tRFdb-5020b	 tRF-5	TAC	Val
tRFdb-5020b	 tRF-5	TAC	Val
tRFdb-5020c	 tRF-5	TAC	Val
tRFdb-5020c	 tRF-5	TAC	Val
tRFdb-5021a	 tRF-5	CTG	Gln
tRFdb-5021a	 tRF-5	CTG	Gln
tRFdb-5021a	 tRF-5	CTG	Gln
tRFdb-5021a	 tRF-5	CTG	Gln
tRFdb-5021a	 tRF-5	CTG	Gln
tRFdb-5021a	 tRF-5	CTG	Gln
tRFdb-5021a	 tRF-5	CTG	Gln
tRFdb-5021a	 tRF-5	CTG	Gln
tRFdb-5021a	 tRF-5	CTG	Gln
tRFdb-5021a	 tRF-5	CTG	Gln
tRFdb-5021a	 tRF-5	CTG	Gln
tRFdb-5021a	 tRF-5	CTG	Gln
tRFdb-5021a	 tRF-5	CTG	Gln
tRFdb-5021a	 tRF-5	CTG	Gln
tRFdb-5021a	 tRF-5	CTG	Gln
tRFdb-5021a	 tRF-5	CTG	Gln
tRFdb-5021a	 tRF-5	CTG	Gln
tRFdb-5021b	 tRF-5	CTG	Gln
tRFdb-5021b	 tRF-5	CTG	Gln
tRFdb-5021b	 tRF-5	CTG	Gln
tRFdb-5021b	 tRF-5	CTG	Gln
tRFdb-5021b	 tRF-5	CTG	Gln
tRFdb-5021b	 tRF-5	CTG	Gln
tRFdb-5021b	 tRF-5	CTG	Gln
tRFdb-5021b	 tRF-5	CTG	Gln
tRFdb-5021b	 tRF-5	CTG	Gln
tRFdb-5021b	 tRF-5	CTG	Gln
tRFdb-5021b	 tRF-5	CTG	Gln
tRFdb-5021b	 tRF-5	CTG	Gln
tRFdb-5021b	 tRF-5	CTG	Gln
tRFdb-5021b	 tRF-5	CTG	Gln
tRFdb-5021b	 tRF-5	CTG	Gln
tRFdb-5021b	 tRF-5	CTG	Gln
tRFdb-5021b	 tRF-5	CTG	Gln
tRFdb-5022a	 tRF-5	TGA	Ser
tRFdb-5022a	 tRF-5	TGA	Ser
tRFdb-5022a	 tRF-5	TGA	Ser
tRFdb-5022a	 tRF-5	AGA	Ser
tRFdb-5022a	 tRF-5	AGA	Ser
tRFdb-5022a	 tRF-5	AGA	Ser
tRFdb-5022a	 tRF-5	AGA	Ser
tRFdb-5022a	 tRF-5	AGA	Ser
tRFdb-5022a	 tRF-5	AGA	Ser
tRFdb-5022a	 tRF-5	AGA	Ser
tRFdb-5022a	 tRF-5	AGA	Ser
tRFdb-5022a	 tRF-5	AGA	Ser
tRFdb-5022b	 tRF-5	TGA	Ser
tRFdb-5022b	 tRF-5	TGA	Ser
tRFdb-5022b	 tRF-5	TGA	Ser
tRFdb-5022b	 tRF-5	AGA	Ser
tRFdb-5022b	 tRF-5	AGA	Ser
tRFdb-5022b	 tRF-5	AGA	Ser
tRFdb-5022b	 tRF-5	AGA	Ser
tRFdb-5022b	 tRF-5	AGA	Ser
tRFdb-5022b	 tRF-5	AGA	Ser
tRFdb-5022b	 tRF-5	AGA	Ser
tRFdb-5022b	 tRF-5	AGA	Ser
tRFdb-5023a	 tRF-5	CAG	Leu
tRFdb-5023a	 tRF-5	CAG	Leu
tRFdb-5023a	 tRF-5	CAG	Leu
tRFdb-5023a	 tRF-5	CAG	Leu
tRFdb-5023a	 tRF-5	CAG	Leu
tRFdb-5023a	 tRF-5	CAG	Leu
tRFdb-5023a	 tRF-5	CAG	Leu
tRFdb-5023a	 tRF-5	CAG	Leu
tRFdb-5023a	 tRF-5	CAG	Leu
tRFdb-5023a	 tRF-5	CAA	Leu
tRFdb-5023b	 tRF-5	CAG	Leu
tRFdb-5023b	 tRF-5	CAG	Leu
tRFdb-5023b	 tRF-5	CAG	Leu
tRFdb-5023b	 tRF-5	CAG	Leu
tRFdb-5023b	 tRF-5	CAG	Leu
tRFdb-5023b	 tRF-5	CAG	Leu
tRFdb-5023b	 tRF-5	CAG	Leu
tRFdb-5023b	 tRF-5	CAG	Leu
tRFdb-5023b	 tRF-5	CAG	Leu
tRFdb-5024a	 tRF-5	TAA	Leu
tRFdb-5024a	 tRF-5	TAA	Leu
tRFdb-5024a	 tRF-5	TAA	Leu
tRFdb-5024a	 tRF-5	TAA	Leu
tRFdb-5024a	 tRF-5	TAA	Leu
tRFdb-5024b	 tRF-5	TAA	Leu
tRFdb-5026a	 tRF-5	CAC	Val
tRFdb-5026a	 tRF-5	CAC	Val
tRFdb-5026a	 tRF-5	CAC	Val
tRFdb-5026a	 tRF-5	CAC	Val
tRFdb-5026a	 tRF-5	CAC	Val
tRFdb-5026a	 tRF-5	CAC	Val
tRFdb-5026a	 tRF-5	CAC	Val
tRFdb-5026a	 tRF-5	CAC	Val
tRFdb-5026a	 tRF-5	CAC	Val
tRFdb-5026a	 tRF-5	AAC	Val
tRFdb-5026a	 tRF-5	AAC	Val
tRFdb-5026a	 tRF-5	AAC	Val
tRFdb-5026a	 tRF-5	AAC	Val
tRFdb-5026a	 tRF-5	AAC	Val
tRFdb-5026a	 tRF-5	AAC	Val
tRFdb-5026a	 tRF-5	AAC	Val
tRFdb-5026a	 tRF-5	AAC	Val
tRFdb-5026a	 tRF-5	AAC	Val
tRFdb-5026b	 tRF-5	AAC	Val
tRFdb-5026c	 tRF-5	AAC	Val
tRFdb-5027b	 tRF-5	CAC	Val
tRFdb-5027b	 tRF-5	CAC	Val
tRFdb-5027b	 tRF-5	CAC	Val
tRFdb-5027b	 tRF-5	CAC	Val
tRFdb-5027b	 tRF-5	CAC	Val
tRFdb-5027b	 tRF-5	CAC	Val
tRFdb-5027b	 tRF-5	CAC	Val
tRFdb-5027b	 tRF-5	CAC	Val
tRFdb-5027b	 tRF-5	AAC	Val
tRFdb-5027b	 tRF-5	AAC	Val
tRFdb-5027b	 tRF-5	AAC	Val
tRFdb-5027b	 tRF-5	AAC	Val
tRFdb-5027b	 tRF-5	AAC	Val
tRFdb-5027b	 tRF-5	AAC	Val
tRFdb-5027b	 tRF-5	AAC	Val
tRFdb-5027b	 tRF-5	AAC	Val
tRFdb-5027c	 tRF-5	CAC	Val
tRFdb-5027c	 tRF-5	CAC	Val
tRFdb-5027c	 tRF-5	CAC	Val
tRFdb-5027c	 tRF-5	CAC	Val
tRFdb-5027c	 tRF-5	CAC	Val
tRFdb-5027c	 tRF-5	CAC	Val
tRFdb-5027c	 tRF-5	CAC	Val
tRFdb-5027c	 tRF-5	CAC	Val
tRFdb-5027c	 tRF-5	AAC	Val
tRFdb-5027c	 tRF-5	AAC	Val
tRFdb-5027c	 tRF-5	AAC	Val
tRFdb-5027c	 tRF-5	AAC	Val
tRFdb-5027c	 tRF-5	AAC	Val
tRFdb-5027c	 tRF-5	AAC	Val
tRFdb-5027c	 tRF-5	AAC	Val
tRFdb-5028a	 tRF-5	TTC	Glu
tRFdb-5028a	 tRF-5	TTC	Glu
tRFdb-5028b	 tRF-5	TTC	Glu
tRFdb-5028b	 tRF-5	TTC	Glu
tRFdb-5028c	 tRF-5	TTC	Glu
tRFdb-5028c	 tRF-5	TTC	Glu
tRFdb-5029a	 tRF-5	TTC	Glu
tRFdb-5029a	 tRF-5	TTC	Glu
tRFdb-5029b	 tRF-5	TTC	Glu
tRFdb-5029b	 tRF-5	TTC	Glu
tRFdb-5030b	 tRF-5	CTC	Glu
tRFdb-5030b	 tRF-5	CTC	Glu
tRFdb-5030b	 tRF-5	CTC	Glu
tRFdb-5030b	 tRF-5	CTC	Glu
tRFdb-5030b	 tRF-5	CTC	Glu
tRFdb-5030b	 tRF-5	CTC	Glu
tRFdb-5030b	 tRF-5	CTC	Glu
tRFdb-5030b	 tRF-5	CTC	Glu
tRFdb-5030c	 tRF-5	CTC	Glu
tRFdb-5030c	 tRF-5	CTC	Glu
tRFdb-5030c	 tRF-5	CTC	Glu
tRFdb-5030c	 tRF-5	CTC	Glu
tRFdb-5030c	 tRF-5	CTC	Glu
tRFdb-5030c	 tRF-5	CTC	Glu
tRFdb-5030c	 tRF-5	CTC	Glu
tRFdb-5030c	 tRF-5	CTC	Glu
tRFdb-5032a	 tRF-5	GTC	Asp
tRFdb-5032a	 tRF-5	GTC	Asp
tRFdb-5032a	 tRF-5	GTC	Asp
tRFdb-5032a	 tRF-5	GTC	Asp
tRFdb-5032a	 tRF-5	GTC	Asp
tRFdb-5032a	 tRF-5	GTC	Asp
tRFdb-5032a	 tRF-5	GTC	Asp
tRFdb-5032a	 tRF-5	GTC	Asp
tRFdb-5032a	 tRF-5	GTC	Asp
tRFdb-5032a	 tRF-5	GTC	Asp
tRFdb-5032a	 tRF-5	GTC	Asp
tRFdb-5032a	 tRF-5	GTC	Asp
tRFdb-5032a	 tRF-5	GTC	Asp
tRFdb-5032b	 tRF-5	GTC	Asp
tRFdb-5032b	 tRF-5	GTC	Asp
tRFdb-5032b	 tRF-5	GTC	Asp
tRFdb-5032b	 tRF-5	GTC	Asp
tRFdb-5032b	 tRF-5	GTC	Asp
tRFdb-5032b	 tRF-5	GTC	Asp
tRFdb-5032b	 tRF-5	GTC	Asp
tRFdb-5032b	 tRF-5	GTC	Asp
tRFdb-5032b	 tRF-5	GTC	Asp
tRFdb-5032b	 tRF-5	GTC	Asp
tRFdb-5032b	 tRF-5	GTC	Asp
tRFdb-5032b	 tRF-5	GTC	Asp
tRFdb-5032c	 tRF-5	GTC	Asp
tRFdb-5032c	 tRF-5	GTC	Asp
tRFdb-5032c	 tRF-5	GTC	Asp
tRFdb-5032c	 tRF-5	GTC	Asp
tRFdb-5032c	 tRF-5	GTC	Asp
tRFdb-5032c	 tRF-5	GTC	Asp
tRFdb-5032c	 tRF-5	GTC	Asp
tRFdb-5032c	 tRF-5	GTC	Asp
tRFdb-5032c	 tRF-5	GTC	Asp
tRFdb-5032c	 tRF-5	GTC	Asp
tRFdb-5032c	 tRF-5	GTC	Asp
tRFdb-3001a	 tRF-3	TAG	Leu
tRFdb-3001a	 tRF-3	TAG	Leu
tRFdb-3001a	 tRF-3	AAG	Leu
tRFdb-3001a	 tRF-3	AAG	Leu
tRFdb-3001a	 tRF-3	AAG	Leu
tRFdb-3001a	 tRF-3	AAG	Leu
tRFdb-3001a	 tRF-3	AAG	Leu
tRFdb-3001a	 tRF-3	AAG	Leu
tRFdb-3001a	 tRF-3	AAG	Leu
tRFdb-3001a	 tRF-3	AAG	Leu
tRFdb-3001a	 tRF-3	AAG	Leu
tRFdb-3002a	 tRF-3	TGG	Pro
tRFdb-3002a	 tRF-3	TGG	Pro
tRFdb-3002a	 tRF-3	TGG	Pro
tRFdb-3002a	 tRF-3	TGG	Pro
tRFdb-3002a	 tRF-3	TGG	Pro
tRFdb-3002a	 tRF-3	TGG	Pro
tRFdb-3002a	 tRF-3	TGG	Pro
tRFdb-3002a	 tRF-3	CGG	Pro
tRFdb-3002a	 tRF-3	CGG	Pro
tRFdb-3002a	 tRF-3	CGG	Pro
tRFdb-3002a	 tRF-3	CGG	Pro
tRFdb-3002a	 tRF-3	AGG	Pro
tRFdb-3002a	 tRF-3	AGG	Pro
tRFdb-3002a	 tRF-3	AGG	Pro
tRFdb-3002a	 tRF-3	AGG	Pro
tRFdb-3002a	 tRF-3	AGG	Pro
tRFdb-3002a	 tRF-3	AGG	Pro
tRFdb-3002a	 tRF-3	AGG	Pro
tRFdb-3002a	 tRF-3	AGG	Pro
tRFdb-3002a	 tRF-3	AGG	Pro
tRFdb-3002a	 tRF-3	AGG	Pro
tRFdb-3002b	 tRF-3	TGG	Pro
tRFdb-3002b	 tRF-3	TGG	Pro
tRFdb-3002b	 tRF-3	TGG	Pro
tRFdb-3002b	 tRF-3	TGG	Pro
tRFdb-3002b	 tRF-3	TGG	Pro
tRFdb-3002b	 tRF-3	TGG	Pro
tRFdb-3002b	 tRF-3	TGG	Pro
tRFdb-3002b	 tRF-3	CGG	Pro
tRFdb-3002b	 tRF-3	CGG	Pro
tRFdb-3002b	 tRF-3	CGG	Pro
tRFdb-3002b	 tRF-3	CGG	Pro
tRFdb-3002b	 tRF-3	AGG	Pro
tRFdb-3002b	 tRF-3	AGG	Pro
tRFdb-3002b	 tRF-3	AGG	Pro
tRFdb-3002b	 tRF-3	AGG	Pro
tRFdb-3002b	 tRF-3	AGG	Pro
tRFdb-3002b	 tRF-3	AGG	Pro
tRFdb-3002b	 tRF-3	AGG	Pro
tRFdb-3002b	 tRF-3	AGG	Pro
tRFdb-3002b	 tRF-3	AGG	Pro
tRFdb-3002b	 tRF-3	AGG	Pro
tRFdb-3003a	 tRF-3	GCA	Cys
tRFdb-3003a	 tRF-3	GCA	Cys
tRFdb-3003a	 tRF-3	GCA	Cys
tRFdb-3003a	 tRF-3	GCA	Cys
tRFdb-3003a	 tRF-3	GCA	Cys
tRFdb-3003a	 tRF-3	GCA	Cys
tRFdb-3003a	 tRF-3	GCA	Cys
tRFdb-3003a	 tRF-3	GCA	Cys
tRFdb-3003a	 tRF-3	GCA	Cys
tRFdb-3003a	 tRF-3	GCA	Cys
tRFdb-3003b	 tRF-3	GCA	Cys
tRFdb-3003b	 tRF-3	GCA	Cys
tRFdb-3003b	 tRF-3	GCA	Cys
tRFdb-3003b	 tRF-3	GCA	Cys
tRFdb-3003b	 tRF-3	GCA	Cys
tRFdb-3003b	 tRF-3	GCA	Cys
tRFdb-3003b	 tRF-3	GCA	Cys
tRFdb-3003b	 tRF-3	GCA	Cys
tRFdb-3003b	 tRF-3	GCA	Cys
tRFdb-3003b	 tRF-3	GCA	Cys
tRFdb-3004a	 tRF-3	CTG	Gln
tRFdb-3004a	 tRF-3	CTG	Gln
tRFdb-3004a	 tRF-3	CTG	Gln
tRFdb-3004a	 tRF-3	CTG	Gln
tRFdb-3004a	 tRF-3	CTG	Gln
tRFdb-3004a	 tRF-3	CTG	Gln
tRFdb-3004a	 tRF-3	CTG	Gln
tRFdb-3004a	 tRF-3	CTG	Gln
tRFdb-3004a	 tRF-3	CTG	Gln
tRFdb-3004a	 tRF-3	CTG	Gln
tRFdb-3004a	 tRF-3	CTG	Gln
tRFdb-3004b	 tRF-3	TTG	Gln
tRFdb-3004b	 tRF-3	TTG	Gln
tRFdb-3004b	 tRF-3	TTG	Gln
tRFdb-3004b	 tRF-3	TTG	Gln
tRFdb-3005a	 tRF-3	TTG	Gln
tRFdb-3005a	 tRF-3	TTG	Gln
tRFdb-3005a	 tRF-3	TTG	Gln
tRFdb-3005a	 tRF-3	TTG	Gln
tRFdb-3005a	 tRF-3	TTG	Gln
tRFdb-3005b	 tRF-3	TTG	Gln
tRFdb-3005b	 tRF-3	TTG	Gln
tRFdb-3005b	 tRF-3	TTG	Gln
tRFdb-3005b	 tRF-3	TTG	Gln
tRFdb-3006a	 tRF-3	TTT	Lys
tRFdb-3006a	 tRF-3	TTT	Lys
tRFdb-3006a	 tRF-3	TTT	Lys
tRFdb-3006a	 tRF-3	TTT	Lys
tRFdb-3006a	 tRF-3	TTT	Lys
tRFdb-3006a	 tRF-3	TTT	Lys
tRFdb-3006b	 tRF-3	TTT	Lys
tRFdb-3006b	 tRF-3	TTT	Lys
tRFdb-3006b	 tRF-3	TTT	Lys
tRFdb-3006b	 tRF-3	TTT	Lys
tRFdb-3006b	 tRF-3	TTT	Lys
tRFdb-3006b	 tRF-3	TTT	Lys
tRFdb-3007a	 tRF-3	TGT	Thr
tRFdb-3007a	 tRF-3	TGT	Thr
tRFdb-3007a	 tRF-3	TGT	Thr
tRFdb-3007a	 tRF-3	TGT	Thr
tRFdb-3007b	 tRF-3	TGT	Thr
tRFdb-3008a	 tRF-3	CAC	Val
tRFdb-3008a	 tRF-3	CAC	Val
tRFdb-3008a	 tRF-3	CAC	Val
tRFdb-3008a	 tRF-3	CAC	Val
tRFdb-3008a	 tRF-3	CAC	Val
tRFdb-3008a	 tRF-3	CAC	Val
tRFdb-3008a	 tRF-3	CAC	Val
tRFdb-3008a	 tRF-3	AAC	Val
tRFdb-3008a	 tRF-3	AAC	Val
tRFdb-3008a	 tRF-3	AAC	Val
tRFdb-3008a	 tRF-3	AAC	Val
tRFdb-3008a	 tRF-3	AAC	Val
tRFdb-3008a	 tRF-3	AAC	Val
tRFdb-3008a	 tRF-3	AAC	Val
tRFdb-3008b	 tRF-3	CAC	Val
tRFdb-3008b	 tRF-3	CAC	Val
tRFdb-3008b	 tRF-3	CAC	Val
tRFdb-3008b	 tRF-3	CAC	Val
tRFdb-3008b	 tRF-3	CAC	Val
tRFdb-3008b	 tRF-3	CAC	Val
tRFdb-3008b	 tRF-3	CAC	Val
tRFdb-3008b	 tRF-3	AAC	Val
tRFdb-3008b	 tRF-3	AAC	Val
tRFdb-3008b	 tRF-3	AAC	Val
tRFdb-3008b	 tRF-3	AAC	Val
tRFdb-3008b	 tRF-3	AAC	Val
tRFdb-3008b	 tRF-3	AAC	Val
tRFdb-3008b	 tRF-3	AAC	Val
tRFdb-3009a	 tRF-3	TAA	Leu
tRFdb-3009b	 tRF-3	TAA	Leu
tRFdb-3010a	 tRF-3	TAG	Leu
tRFdb-3010b	 tRF-3	TAG	Leu
tRFdb-3011a	 tRF-3	CAG	Leu
tRFdb-3011a	 tRF-3	CAG	Leu
tRFdb-3011a	 tRF-3	CAG	Leu
tRFdb-3011a	 tRF-3	CAG	Leu
tRFdb-3011a	 tRF-3	CAG	Leu
tRFdb-3011a	 tRF-3	CAG	Leu
tRFdb-3011a	 tRF-3	CAG	Leu
tRFdb-3011b	 tRF-3	CAG	Leu
tRFdb-3011b	 tRF-3	CAG	Leu
tRFdb-3011b	 tRF-3	CAG	Leu
tRFdb-3011b	 tRF-3	CAG	Leu
tRFdb-3011b	 tRF-3	CAG	Leu
tRFdb-3011b	 tRF-3	CAG	Leu
tRFdb-3011b	 tRF-3	CAG	Leu
tRFdb-3012a	 tRF-3	CAG	Leu
tRFdb-3012a	 tRF-3	CAG	Leu
tRFdb-3012a	 tRF-3	CAA	Leu
tRFdb-3012a	 tRF-3	CAA	Leu
tRFdb-3012a	 tRF-3	CAA	Leu
tRFdb-3012a	 tRF-3	CAA	Leu
tRFdb-3012a	 tRF-3	CAA	Leu
tRFdb-3012b	 tRF-3	CAG	Leu
tRFdb-3012b	 tRF-3	CAG	Leu
tRFdb-3012b	 tRF-3	CAA	Leu
tRFdb-3012b	 tRF-3	CAA	Leu
tRFdb-3012b	 tRF-3	CAA	Leu
tRFdb-3012b	 tRF-3	CAA	Leu
tRFdb-3012b	 tRF-3	CAA	Leu
tRFdb-3013a	 tRF-3	GTG	His
tRFdb-3013a	 tRF-3	GTG	His
tRFdb-3013a	 tRF-3	GTG	His
tRFdb-3013a	 tRF-3	GTG	His
tRFdb-3013a	 tRF-3	GTG	His
tRFdb-3013a	 tRF-3	GTG	His
tRFdb-3013a	 tRF-3	GTG	His
tRFdb-3013a	 tRF-3	GTG	His
tRFdb-3013a	 tRF-3	GTG	His
tRFdb-3013a	 tRF-3	GTG	His
tRFdb-3013b	 tRF-3	GTG	His
tRFdb-3013b	 tRF-3	GTG	His
tRFdb-3013b	 tRF-3	GTG	His
tRFdb-3013b	 tRF-3	GTG	His
tRFdb-3013b	 tRF-3	GTG	His
tRFdb-3013b	 tRF-3	GTG	His
tRFdb-3013b	 tRF-3	GTG	His
tRFdb-3013b	 tRF-3	GTG	His
tRFdb-3013b	 tRF-3	GTG	His
tRFdb-3013b	 tRF-3	GTG	His
tRFdb-3014a	 tRF-3	TGA	Ser
tRFdb-3014a	 tRF-3	TGA	Ser
tRFdb-3014a	 tRF-3	AGA	Ser
tRFdb-3014a	 tRF-3	AGA	Ser
tRFdb-3014a	 tRF-3	AGA	Ser
tRFdb-3014a	 tRF-3	AGA	Ser
tRFdb-3014a	 tRF-3	AGA	Ser
tRFdb-3014a	 tRF-3	AGA	Ser
tRFdb-3014a	 tRF-3	AGA	Ser
tRFdb-3014a	 tRF-3	AGA	Ser
tRFdb-3014a	 tRF-3	AGA	Ser
tRFdb-3014b	 tRF-3	TGA	Ser
tRFdb-3014b	 tRF-3	TGA	Ser
tRFdb-3014b	 tRF-3	AGA	Ser
tRFdb-3014b	 tRF-3	AGA	Ser
tRFdb-3014b	 tRF-3	AGA	Ser
tRFdb-3014b	 tRF-3	AGA	Ser
tRFdb-3014b	 tRF-3	AGA	Ser
tRFdb-3014b	 tRF-3	AGA	Ser
tRFdb-3014b	 tRF-3	AGA	Ser
tRFdb-3014b	 tRF-3	AGA	Ser
tRFdb-3014b	 tRF-3	AGA	Ser
tRFdb-3015a	 tRF-3	TTC	Glu
tRFdb-3015a	 tRF-3	TTC	Glu
tRFdb-3015b	 tRF-3	TTC	Glu
tRFdb-3015b	 tRF-3	TTC	Glu
tRFdb-3016a	 tRF-3	CTT	Lys
tRFdb-3016a	 tRF-3	CTT	Lys
tRFdb-3016a	 tRF-3	CTT	Lys
tRFdb-3016a	 tRF-3	CTT	Lys
tRFdb-3016a	 tRF-3	CTT	Lys
tRFdb-3016a	 tRF-3	CTT	Lys
tRFdb-3016a	 tRF-3	CTT	Lys
tRFdb-3016a	 tRF-3	CTT	Lys
tRFdb-3016a	 tRF-3	CTT	Lys
tRFdb-3016b	 tRF-3	CTT	Lys
tRFdb-3016b	 tRF-3	CTT	Lys
tRFdb-3016b	 tRF-3	CTT	Lys
tRFdb-3016b	 tRF-3	CTT	Lys
tRFdb-3016b	 tRF-3	CTT	Lys
tRFdb-3016b	 tRF-3	CTT	Lys
tRFdb-3016b	 tRF-3	CTT	Lys
tRFdb-3016b	 tRF-3	CTT	Lys
tRFdb-3016b	 tRF-3	CTT	Lys
tRFdb-3017a	 tRF-3	TAC	Val
tRFdb-3017a	 tRF-3	TAC	Val
tRFdb-3017a	 tRF-3	TAC	Val
tRFdb-3017a	 tRF-3	TAC	Val
tRFdb-3017b	 tRF-3	TAC	Val
tRFdb-3017b	 tRF-3	TAC	Val
tRFdb-3017b	 tRF-3	TAC	Val
tRFdb-3018a	 tRF-3	CAT	Met
tRFdb-3018a	 tRF-3	CAT	Met
tRFdb-3018a	 tRF-3	CAT	Met
tRFdb-3018a	 tRF-3	CAT	Met
tRFdb-3018a	 tRF-3	CAT	Met
tRFdb-3018a	 tRF-3	CAT	Met
tRFdb-3018b	 tRF-3	CAT	Met
tRFdb-3018b	 tRF-3	CAT	Met
tRFdb-3018b	 tRF-3	CAT	Met
tRFdb-3018b	 tRF-3	CAT	Met
tRFdb-3019a	 tRF-3	AGC	Ala
tRFdb-3019b	 tRF-3	AGC	Ala
tRFdb-3020a	 tRF-3	TGC	Ala
tRFdb-3020a	 tRF-3	TGC	Ala
tRFdb-3020a	 tRF-3	AGC	Ala
tRFdb-3020a	 tRF-3	AGC	Ala
tRFdb-3020a	 tRF-3	AGC	Ala
tRFdb-3020b	 tRF-3	TGC	Ala
tRFdb-3020b	 tRF-3	TGC	Ala
tRFdb-3021a	 tRF-3	TGC	Ala
tRFdb-3021a	 tRF-3	TGC	Ala
tRFdb-3021a	 tRF-3	TGC	Ala
tRFdb-3021a	 tRF-3	TGC	Ala
tRFdb-3021a	 tRF-3	CGC	Ala
tRFdb-3021a	 tRF-3	CGC	Ala
tRFdb-3021a	 tRF-3	CGC	Ala
tRFdb-3021b	 tRF-3	TGC	Ala
tRFdb-3021b	 tRF-3	TGC	Ala
tRFdb-3021b	 tRF-3	TGC	Ala
tRFdb-3021b	 tRF-3	CGC	Ala
tRFdb-3021b	 tRF-3	CGC	Ala
tRFdb-3022a	 tRF-3	AAT	Ile
tRFdb-3022a	 tRF-3	AAT	Ile
tRFdb-3022a	 tRF-3	AAT	Ile
tRFdb-3022a	 tRF-3	AAT	Ile
tRFdb-3022a	 tRF-3	AAT	Ile
tRFdb-3022a	 tRF-3	AAT	Ile
tRFdb-3022a	 tRF-3	AAT	Ile
tRFdb-3022a	 tRF-3	AAT	Ile
tRFdb-3022a	 tRF-3	AAT	Ile
tRFdb-3022b	 tRF-3	AAT	Ile
tRFdb-3022b	 tRF-3	AAT	Ile
tRFdb-3022b	 tRF-3	AAT	Ile
tRFdb-3022b	 tRF-3	AAT	Ile
tRFdb-3022b	 tRF-3	AAT	Ile
tRFdb-3022b	 tRF-3	AAT	Ile
tRFdb-3022b	 tRF-3	AAT	Ile
tRFdb-3022b	 tRF-3	AAT	Ile
tRFdb-3022b	 tRF-3	AAT	Ile
tRFdb-3023a	 tRF-3	GAA	Phe
tRFdb-3023a	 tRF-3	GAA	Phe
tRFdb-3023a	 tRF-3	GAA	Phe
tRFdb-3023a	 tRF-3	GAA	Phe
tRFdb-3023a	 tRF-3	GAA	Phe
tRFdb-3023a	 tRF-3	GAA	Phe
tRFdb-3023a	 tRF-3	GAA	Phe
tRFdb-3023a	 tRF-3	GAA	Phe
tRFdb-3023a	 tRF-3	GAA	Phe
tRFdb-3023b	 tRF-3	GAA	Phe
tRFdb-3023b	 tRF-3	GAA	Phe
tRFdb-3023b	 tRF-3	GAA	Phe
tRFdb-3023b	 tRF-3	GAA	Phe
tRFdb-3023b	 tRF-3	GAA	Phe
tRFdb-3023b	 tRF-3	GAA	Phe
tRFdb-3024a	 tRF-3	GTC	Asp
tRFdb-3024a	 tRF-3	GTC	Asp
tRFdb-3024a	 tRF-3	GTC	Asp
tRFdb-3024a	 tRF-3	GTC	Asp
tRFdb-3024a	 tRF-3	GTC	Asp
tRFdb-3024a	 tRF-3	GTC	Asp
tRFdb-3024a	 tRF-3	GTC	Asp
tRFdb-3024a	 tRF-3	GTC	Asp
tRFdb-3024a	 tRF-3	GTC	Asp
tRFdb-3024a	 tRF-3	GTC	Asp
tRFdb-3024a	 tRF-3	GTC	Asp
tRFdb-3024a	 tRF-3	GTC	Asp
tRFdb-3024a	 tRF-3	GTC	Asp
tRFdb-3024a	 tRF-3	GTC	Asp
tRFdb-3024b	 tRF-3	GTC	Asp
tRFdb-3024b	 tRF-3	GTC	Asp
tRFdb-3024b	 tRF-3	GTC	Asp
tRFdb-3024b	 tRF-3	GTC	Asp
tRFdb-3024b	 tRF-3	GTC	Asp
tRFdb-3024b	 tRF-3	GTC	Asp
tRFdb-3024b	 tRF-3	GTC	Asp
tRFdb-3024b	 tRF-3	GTC	Asp
tRFdb-3024b	 tRF-3	GTC	Asp
tRFdb-3024b	 tRF-3	GTC	Asp
tRFdb-3024b	 tRF-3	GTC	Asp
tRFdb-3024b	 tRF-3	GTC	Asp
tRFdb-3024b	 tRF-3	GTC	Asp
tRFdb-3025a	 tRF-3	GTC	Asp
tRFdb-3025a	 tRF-3	GTC	Asp
tRFdb-3025a	 tRF-3	GTC	Asp
tRFdb-3025a	 tRF-3	GTC	Asp
tRFdb-3025a	 tRF-3	GTC	Asp
tRFdb-3025a	 tRF-3	GTC	Asp
tRFdb-3025a	 tRF-3	GTC	Asp
tRFdb-3025a	 tRF-3	GTC	Asp
tRFdb-3025a	 tRF-3	GTC	Asp
tRFdb-3025a	 tRF-3	GTC	Asp
tRFdb-3025a	 tRF-3	GTC	Asp
tRFdb-3025a	 tRF-3	GTC	Asp
tRFdb-3025a	 tRF-3	GTC	Asp
tRFdb-3025a	 tRF-3	GTC	Asp
tRFdb-3025b	 tRF-3	GTC	Asp
tRFdb-3025b	 tRF-3	GTC	Asp
tRFdb-3025b	 tRF-3	GTC	Asp
tRFdb-3025b	 tRF-3	GTC	Asp
tRFdb-3025b	 tRF-3	GTC	Asp
tRFdb-3025b	 tRF-3	GTC	Asp
tRFdb-3025b	 tRF-3	GTC	Asp
tRFdb-3025b	 tRF-3	GTC	Asp
tRFdb-3025b	 tRF-3	GTC	Asp
tRFdb-3025b	 tRF-3	GTC	Asp
tRFdb-3025b	 tRF-3	GTC	Asp
tRFdb-3025b	 tRF-3	GTC	Asp
tRFdb-3025b	 tRF-3	GTC	Asp
tRFdb-3026a	 tRF-3	TCC	Gly
tRFdb-3026a	 tRF-3	TCC	Gly
tRFdb-3026a	 tRF-3	TCC	Gly
tRFdb-3026a	 tRF-3	TCC	Gly
tRFdb-3026a	 tRF-3	TCC	Gly
tRFdb-3026a	 tRF-3	TCC	Gly
tRFdb-3026a	 tRF-3	TCC	Gly
tRFdb-3026a	 tRF-3	TCC	Gly
tRFdb-3026b	 tRF-3	TCC	Gly
tRFdb-3026b	 tRF-3	TCC	Gly
tRFdb-3026b	 tRF-3	TCC	Gly
tRFdb-3026b	 tRF-3	TCC	Gly
tRFdb-3026b	 tRF-3	TCC	Gly
tRFdb-3026b	 tRF-3	TCC	Gly
tRFdb-3026b	 tRF-3	TCC	Gly
tRFdb-3026b	 tRF-3	TCC	Gly
tRFdb-3027a	 tRF-3	GCC	Gly
tRFdb-3027a	 tRF-3	GCC	Gly
tRFdb-3027a	 tRF-3	GCC	Gly
tRFdb-3027a	 tRF-3	GCC	Gly
tRFdb-3027a	 tRF-3	GCC	Gly
tRFdb-3027a	 tRF-3	GCC	Gly
tRFdb-3027a	 tRF-3	CCC	Gly
tRFdb-3027a	 tRF-3	CCC	Gly
tRFdb-3027a	 tRF-3	CCC	Gly
tRFdb-3027b	 tRF-3	GCC	Gly
tRFdb-3027b	 tRF-3	GCC	Gly
tRFdb-3027b	 tRF-3	GCC	Gly
tRFdb-3027b	 tRF-3	GCC	Gly
tRFdb-3027b	 tRF-3	GCC	Gly
tRFdb-3027b	 tRF-3	GCC	Gly
tRFdb-3028a	 tRF-3	GCC	Gly
tRFdb-3028a	 tRF-3	GCC	Gly
tRFdb-3028a	 tRF-3	GCC	Gly
tRFdb-3028a	 tRF-3	GCC	Gly
tRFdb-3028a	 tRF-3	GCC	Gly
tRFdb-3028b	 tRF-3	GCC	Gly
tRFdb-3028b	 tRF-3	GCC	Gly
tRFdb-3028b	 tRF-3	GCC	Gly
tRFdb-3028b	 tRF-3	GCC	Gly
tRFdb-3028b	 tRF-3	GCC	Gly
tRFdb-3029a	 tRF-3	TTC	Glu
tRFdb-3029a	 tRF-3	GAA	Phe
tRFdb-3029a	 tRF-3	GAA	Phe
tRFdb-3029a	 tRF-3	CTC	Glu
tRFdb-3029a	 tRF-3	CTC	Glu
tRFdb-3029a	 tRF-3	TTC	Glu
tRFdb-3029a	 tRF-3	TTC	Glu
tRFdb-3029a	 tRF-3	CTC	Glu
tRFdb-3029a	 tRF-3	CTC	Glu
tRFdb-3029a	 tRF-3	CTC	Glu
tRFdb-3029a	 tRF-3	CTC	Glu
tRFdb-3029a	 tRF-3	CTC	Glu
tRFdb-3029a	 tRF-3	CTC	Glu
tRFdb-3029a	 tRF-3	CTC	Glu
tRFdb-3029a	 tRF-3	CTC	Glu
tRFdb-3029a	 tRF-3	CTC	Glu
tRFdb-3029b	 tRF-3	TTC	Glu
tRFdb-3029b	 tRF-3	GAA	Phe
tRFdb-3029b	 tRF-3	GAA	Phe
tRFdb-3029b	 tRF-3	TTC	Glu
tRFdb-3029b	 tRF-3	TTC	Glu
tRFdb-3029b	 tRF-3	CTC	Glu
tRFdb-3029b	 tRF-3	CTC	Glu
tRFdb-3029b	 tRF-3	CTC	Glu
tRFdb-3029b	 tRF-3	CTC	Glu
tRFdb-3029b	 tRF-3	CTC	Glu
tRFdb-3029b	 tRF-3	CTC	Glu
tRFdb-3029b	 tRF-3	CTC	Glu
tRFdb-3029b	 tRF-3	CTC	Glu
tRFdb-3030a	 tRF-3	GTA	Tyr
tRFdb-3030a	 tRF-3	GTA	Tyr
tRFdb-3030a	 tRF-3	GTA	Tyr
tRFdb-3030a	 tRF-3	GTA	Tyr
tRFdb-3030a	 tRF-3	GTA	Tyr
tRFdb-3030a	 tRF-3	GTA	Tyr
tRFdb-3030a	 tRF-3	GTA	Tyr
tRFdb-3030b	 tRF-3	GTA	Tyr
tRFdb-3030b	 tRF-3	GTA	Tyr
tRFdb-3030b	 tRF-3	GTA	Tyr
tRFdb-3030b	 tRF-3	GTA	Tyr
tRFdb-3030b	 tRF-3	GTA	Tyr
tRFdb-3030b	 tRF-3	GTA	Tyr
tRFdb-3031a	 tRF-3	GTA	Tyr
tRFdb-3031a	 tRF-3	GTA	Tyr
tRFdb-3031b	 tRF-3	GTA	Tyr
tRFdb-3031b	 tRF-3	GTA	Tyr
tRFdb-3033a	 tRF-3	GTT	Asn
tRFdb-3033a	 tRF-3	GTT	Asn
tRFdb-3033a	 tRF-3	GTT	Asn
tRFdb-3033a	 tRF-3	GTT	Asn
tRFdb-3033a	 tRF-3	GTT	Asn
tRFdb-3033a	 tRF-3	GTT	Asn
tRFdb-3033a	 tRF-3	GTT	Asn
tRFdb-3033a	 tRF-3	GTT	Asn
tRFdb-3033a	 tRF-3	GTT	Asn
tRFdb-3033a	 tRF-3	GTT	Asn
tRFdb-3033a	 tRF-3	GTT	Asn
tRFdb-1001	 tRF-1	TGA	Ser
tRFdb-1003	 tRF-1	GCT	Ser
tRFdb-1004	 tRF-1	GTC	Asp
tRFdb-1005	 tRF-1	GCT	Ser
tRFdb-1006	 tRF-1	ACG	Arg
tRFdb-1007	 tRF-1	TTG	Gln
tRFdb-1008	 tRF-1	CGT	Thr
tRFdb-1010	 tRF-1	TAC	Val
tRFdb-1012	 tRF-1	GCC	Gly
tRFdb-1013	 tRF-1	CGC	Ala
tRFdb-1015	 tRF-1	GCA	Cys
tRFdb-1020	 tRF-1	GAA	Phe
tRFdb-1023	 tRF-1	TCC	Gly
tRFdb-1024	 tRF-1	CTT	Lys
tRFdb-1025	 tRF-1	AAT	Ile
tRFdb-1026	 tRF-1	AAT	Ile
tRFdb-1027	 tRF-1	CAT	Met
tRFdb-1028	 tRF-1	GTC	Asp
tRFdb-1029	 tRF-1	TGC	Ala
tRFdb-1030	 tRF-1	AGA	Ser
tRFdb-1031	 tRF-1	GTA	Tyr
tRFdb-1032	 tRF-1	TAA	Leu
tRFdb-1033	 tRF-1	ACG	Arg
tRFdb-1034	 tRF-1	TCG	Arg
tRFdb-1035	 tRF-1	CGT	Thr
tRFdb-1036	 tRF-1	AAG	Leu
tRFdb-1037	 tRF-1	TAG	Leu
tRFdb-1038	 tRF-1	CCT	Arg
tRFdb-1039	 tRF-1	CCT	Arg
tRFdb-1040	 tRF-1	AAT	Ile
tRFdb-1041	 tRF-1	TCC	Gly
tRFdb-1042	 tRF-1	AGT	Thr
5P_tRNA-Ala-AGC-1-1	5' leader	AGC	Ala
5P_tRNA-Ala-AGC-10-1	5' leader	AGC	Ala
5P_tRNA-Ala-AGC-11-1	5' leader	AGC	Ala
5P_tRNA-Ala-AGC-12-1	5' leader	AGC	Ala
5P_tRNA-Ala-AGC-12-2	5' leader	AGC	Ala
5P_tRNA-Ala-AGC-12-3	5' leader	AGC	Ala
5P_tRNA-Ala-AGC-13-1	5' leader	AGC	Ala
5P_tRNA-Ala-AGC-13-2	5' leader	AGC	Ala
5P_tRNA-Ala-AGC-14-1	5' leader	AGC	Ala
5P_tRNA-Ala-AGC-15-1	5' leader	AGC	Ala
5P_tRNA-Ala-AGC-16-1	5' leader	AGC	Ala
5P_tRNA-Ala-AGC-2-1	5' leader	AGC	Ala
5P_tRNA-Ala-AGC-2-2	5' leader	AGC	Ala
5P_tRNA-Ala-AGC-3-1	5' leader	AGC	Ala
5P_tRNA-Ala-AGC-4-1	5' leader	AGC	Ala
5P_tRNA-Ala-AGC-5-1	5' leader	AGC	Ala
5P_tRNA-Ala-AGC-6-1	5' leader	AGC	Ala
5P_tRNA-Ala-AGC-7-1	5' leader	AGC	Ala
5P_tRNA-Ala-AGC-8-1	5' leader	AGC	Ala
5P_tRNA-Ala-AGC-8-2	5' leader	AGC	Ala
5P_tRNA-Ala-AGC-9-1	5' leader	AGC	Ala
5P_tRNA-Ala-AGC-9-2	5' leader	AGC	Ala
5P_tRNA-Ala-CGC-1-1	5' leader	CGC	Ala
5P_tRNA-Ala-CGC-2-1	5' leader	CGC	Ala
5P_tRNA-Ala-CGC-3-1	5' leader	CGC	Ala
5P_tRNA-Ala-CGC-4-1	5' leader	CGC	Ala
5P_tRNA-Ala-TGC-1-1	5' leader	TGC	Ala
5P_tRNA-Ala-TGC-2-1	5' leader	TGC	Ala
5P_tRNA-Ala-TGC-3-1	5' leader	TGC	Ala
5P_tRNA-Ala-TGC-3-2	5' leader	TGC	Ala
5P_tRNA-Ala-TGC-4-1	5' leader	TGC	Ala
5P_tRNA-Ala-TGC-5-1	5' leader	TGC	Ala
5P_tRNA-Ala-TGC-6-1	5' leader	TGC	Ala
5P_tRNA-Ala-TGC-7-1	5' leader	TGC	Ala
5P_tRNA-Arg-ACG-1-1	5' leader	ACG	Arg
5P_tRNA-Arg-ACG-1-2	5' leader	ACG	Arg
5P_tRNA-Arg-ACG-1-3	5' leader	ACG	Arg
5P_tRNA-Arg-ACG-2-1	5' leader	ACG	Arg
5P_tRNA-Arg-ACG-2-2	5' leader	ACG	Arg
5P_tRNA-Arg-ACG-2-3	5' leader	ACG	Arg
5P_tRNA-Arg-ACG-2-4	5' leader	ACG	Arg
5P_tRNA-Arg-CCG-1-1	5' leader	CCG	Arg
5P_tRNA-Arg-CCG-1-2	5' leader	CCG	Arg
5P_tRNA-Arg-CCG-1-3	5' leader	CCG	Arg
5P_tRNA-Arg-CCG-2-1	5' leader	CCG	Arg
5P_tRNA-Arg-CCT-1-1	5' leader	CCT	Arg
5P_tRNA-Arg-CCT-2-1	5' leader	CCT	Arg
5P_tRNA-Arg-CCT-3-1	5' leader	CCT	Arg
5P_tRNA-Arg-CCT-4-1	5' leader	CCT	Arg
5P_tRNA-Arg-CCT-5-1	5' leader	CCT	Arg
5P_tRNA-Arg-TCG-1-1	5' leader	TCG	Arg
5P_tRNA-Arg-TCG-2-1	5' leader	TCG	Arg
5P_tRNA-Arg-TCG-3-1	5' leader	TCG	Arg
5P_tRNA-Arg-TCG-4-1	5' leader	TCG	Arg
5P_tRNA-Arg-TCG-5-1	5' leader	TCG	Arg
5P_tRNA-Arg-TCG-6-1	5' leader	TCG	Arg
5P_tRNA-Arg-TCT-1-1	5' leader	TCT	Arg
5P_tRNA-Arg-TCT-2-1	5' leader	TCT	Arg
5P_tRNA-Arg-TCT-3-1	5' leader	TCT	Arg
5P_tRNA-Arg-TCT-3-2	5' leader	TCT	Arg
5P_tRNA-Arg-TCT-4-1	5' leader	TCT	Arg
5P_tRNA-Arg-TCT-5-1	5' leader	TCT	Arg
5P_tRNA-Asn-GTT-1-1	5' leader	GTT	Asn
5P_tRNA-Asn-GTT-10-1	5' leader	GTT	Asn
5P_tRNA-Asn-GTT-11-1	5' leader	GTT	Asn
5P_tRNA-Asn-GTT-11-2	5' leader	GTT	Asn
5P_tRNA-Asn-GTT-12-1	5' leader	GTT	Asn
5P_tRNA-Asn-GTT-2-1	5' leader	GTT	Asn
5P_tRNA-Asn-GTT-2-2	5' leader	GTT	Asn
5P_tRNA-Asn-GTT-2-3	5' leader	GTT	Asn
5P_tRNA-Asn-GTT-2-4	5' leader	GTT	Asn
5P_tRNA-Asn-GTT-2-5	5' leader	GTT	Asn
5P_tRNA-Asn-GTT-2-6	5' leader	GTT	Asn
5P_tRNA-Asn-GTT-3-1	5' leader	GTT	Asn
5P_tRNA-Asn-GTT-3-2	5' leader	GTT	Asn
5P_tRNA-Asn-GTT-4-1	5' leader	GTT	Asn
5P_tRNA-Asn-GTT-5-1	5' leader	GTT	Asn
5P_tRNA-Asn-GTT-6-1	5' leader	GTT	Asn
5P_tRNA-Asn-GTT-7-1	5' leader	GTT	Asn
5P_tRNA-Asn-GTT-8-1	5' leader	GTT	Asn
5P_tRNA-Asn-GTT-9-1	5' leader	GTT	Asn
5P_tRNA-Asn-GTT-9-2	5' leader	GTT	Asn
5P_tRNA-Asp-GTC-1-1	5' leader	GTC	Asp
5P_tRNA-Asp-GTC-2-1	5' leader	GTC	Asp
5P_tRNA-Asp-GTC-2-10	5' leader	GTC	Asp
5P_tRNA-Asp-GTC-2-11	5' leader	GTC	Asp
5P_tRNA-Asp-GTC-2-2	5' leader	GTC	Asp
5P_tRNA-Asp-GTC-2-3	5' leader	GTC	Asp
5P_tRNA-Asp-GTC-2-4	5' leader	GTC	Asp
5P_tRNA-Asp-GTC-2-5	5' leader	GTC	Asp
5P_tRNA-Asp-GTC-2-6	5' leader	GTC	Asp
5P_tRNA-Asp-GTC-2-7	5' leader	GTC	Asp
5P_tRNA-Asp-GTC-2-8	5' leader	GTC	Asp
5P_tRNA-Asp-GTC-2-9	5' leader	GTC	Asp
5P_tRNA-Asp-GTC-3-1	5' leader	GTC	Asp
5P_tRNA-Cys-GCA-1-1	5' leader	GCA	Cys
5P_tRNA-Cys-GCA-10-1	5' leader	GCA	Cys
5P_tRNA-Cys-GCA-11-1	5' leader	GCA	Cys
5P_tRNA-Cys-GCA-12-1	5' leader	GCA	Cys
5P_tRNA-Cys-GCA-13-1	5' leader	GCA	Cys
5P_tRNA-Cys-GCA-14-1	5' leader	GCA	Cys
5P_tRNA-Cys-GCA-15-1	5' leader	GCA	Cys
5P_tRNA-Cys-GCA-16-1	5' leader	GCA	Cys
5P_tRNA-Cys-GCA-17-1	5' leader	GCA	Cys
5P_tRNA-Cys-GCA-18-1	5' leader	GCA	Cys
5P_tRNA-Cys-GCA-19-1	5' leader	GCA	Cys
5P_tRNA-Cys-GCA-2-1	5' leader	GCA	Cys
5P_tRNA-Cys-GCA-2-2	5' leader	GCA	Cys
5P_tRNA-Cys-GCA-2-3	5' leader	GCA	Cys
5P_tRNA-Cys-GCA-2-4	5' leader	GCA	Cys
5P_tRNA-Cys-GCA-20-1	5' leader	GCA	Cys
5P_tRNA-Cys-GCA-21-1	5' leader	GCA	Cys
5P_tRNA-Cys-GCA-22-1	5' leader	GCA	Cys
5P_tRNA-Cys-GCA-23-1	5' leader	GCA	Cys
5P_tRNA-Cys-GCA-3-1	5' leader	GCA	Cys
5P_tRNA-Cys-GCA-4-1	5' leader	GCA	Cys
5P_tRNA-Cys-GCA-5-1	5' leader	GCA	Cys
5P_tRNA-Cys-GCA-6-1	5' leader	GCA	Cys
5P_tRNA-Cys-GCA-7-1	5' leader	GCA	Cys
5P_tRNA-Cys-GCA-8-1	5' leader	GCA	Cys
5P_tRNA-Cys-GCA-9-1	5' leader	GCA	Cys
5P_tRNA-Cys-GCA-9-2	5' leader	GCA	Cys
5P_tRNA-Cys-GCA-9-3	5' leader	GCA	Cys
5P_tRNA-Cys-GCA-9-4	5' leader	GCA	Cys
5P_tRNA-Gln-CTG-1-1	5' leader	CTG	Gln
5P_tRNA-Gln-CTG-1-2	5' leader	CTG	Gln
5P_tRNA-Gln-CTG-1-3	5' leader	CTG	Gln
5P_tRNA-Gln-CTG-1-4	5' leader	CTG	Gln
5P_tRNA-Gln-CTG-1-5	5' leader	CTG	Gln
5P_tRNA-Gln-CTG-2-1	5' leader	CTG	Gln
5P_tRNA-Gln-CTG-3-1	5' leader	CTG	Gln
5P_tRNA-Gln-CTG-3-2	5' leader	CTG	Gln
5P_tRNA-Gln-CTG-4-1	5' leader	CTG	Gln
5P_tRNA-Gln-CTG-4-2	5' leader	CTG	Gln
5P_tRNA-Gln-CTG-5-1	5' leader	CTG	Gln
5P_tRNA-Gln-CTG-6-1	5' leader	CTG	Gln
5P_tRNA-Gln-CTG-7-1	5' leader	CTG	Gln
5P_tRNA-Gln-TTG-1-1	5' leader	TTG	Gln
5P_tRNA-Gln-TTG-2-1	5' leader	TTG	Gln
5P_tRNA-Gln-TTG-3-1	5' leader	TTG	Gln
5P_tRNA-Gln-TTG-3-2	5' leader	TTG	Gln
5P_tRNA-Gln-TTG-3-3	5' leader	TTG	Gln
5P_tRNA-Gln-TTG-4-1	5' leader	TTG	Gln
5P_tRNA-Glu-CTC-1-1	5' leader	CTC	Glu
5P_tRNA-Glu-CTC-1-2	5' leader	CTC	Glu
5P_tRNA-Glu-CTC-1-3	5' leader	CTC	Glu
5P_tRNA-Glu-CTC-1-4	5' leader	CTC	Glu
5P_tRNA-Glu-CTC-1-5	5' leader	CTC	Glu
5P_tRNA-Glu-CTC-1-6	5' leader	CTC	Glu
5P_tRNA-Glu-CTC-1-7	5' leader	CTC	Glu
5P_tRNA-Glu-CTC-2-1	5' leader	CTC	Glu
5P_tRNA-Glu-TTC-1-1	5' leader	TTC	Glu
5P_tRNA-Glu-TTC-1-2	5' leader	TTC	Glu
5P_tRNA-Glu-TTC-2-1	5' leader	TTC	Glu
5P_tRNA-Glu-TTC-2-2	5' leader	TTC	Glu
5P_tRNA-Glu-TTC-3-1	5' leader	TTC	Glu
5P_tRNA-Glu-TTC-4-1	5' leader	TTC	Glu
5P_tRNA-Glu-TTC-4-2	5' leader	TTC	Glu
5P_tRNA-Gly-CCC-1-1	5' leader	CCC	Gly
5P_tRNA-Gly-CCC-1-2	5' leader	CCC	Gly
5P_tRNA-Gly-CCC-2-1	5' leader	CCC	Gly
5P_tRNA-Gly-CCC-2-2	5' leader	CCC	Gly
5P_tRNA-Gly-CCC-3-1	5' leader	CCC	Gly
5P_tRNA-Gly-GCC-1-1	5' leader	GCC	Gly
5P_tRNA-Gly-GCC-1-2	5' leader	GCC	Gly
5P_tRNA-Gly-GCC-1-3	5' leader	GCC	Gly
5P_tRNA-Gly-GCC-1-4	5' leader	GCC	Gly
5P_tRNA-Gly-GCC-1-5	5' leader	GCC	Gly
5P_tRNA-Gly-GCC-2-1	5' leader	GCC	Gly
5P_tRNA-Gly-GCC-2-2	5' leader	GCC	Gly
5P_tRNA-Gly-GCC-2-3	5' leader	GCC	Gly
5P_tRNA-Gly-GCC-2-4	5' leader	GCC	Gly
5P_tRNA-Gly-GCC-2-5	5' leader	GCC	Gly
5P_tRNA-Gly-GCC-2-6	5' leader	GCC	Gly
5P_tRNA-Gly-GCC-3-1	5' leader	GCC	Gly
5P_tRNA-Gly-GCC-4-1	5' leader	GCC	Gly
5P_tRNA-Gly-GCC-5-1	5' leader	GCC	Gly
5P_tRNA-Gly-TCC-1-1	5' leader	TCC	Gly
5P_tRNA-Gly-TCC-2-1	5' leader	TCC	Gly
5P_tRNA-Gly-TCC-2-2	5' leader	TCC	Gly
5P_tRNA-Gly-TCC-2-3	5' leader	TCC	Gly
5P_tRNA-Gly-TCC-2-4	5' leader	TCC	Gly
5P_tRNA-Gly-TCC-2-5	5' leader	TCC	Gly
5P_tRNA-Gly-TCC-2-6	5' leader	TCC	Gly
5P_tRNA-Gly-TCC-3-1	5' leader	TCC	Gly
5P_tRNA-Gly-TCC-4-1	5' leader	TCC	Gly
5P_tRNA-His-GTG-1-1	5' leader	GTG	His
5P_tRNA-His-GTG-1-2	5' leader	GTG	His
5P_tRNA-His-GTG-1-3	5' leader	GTG	His
5P_tRNA-His-GTG-1-4	5' leader	GTG	His
5P_tRNA-His-GTG-1-5	5' leader	GTG	His
5P_tRNA-His-GTG-1-6	5' leader	GTG	His
5P_tRNA-His-GTG-1-7	5' leader	GTG	His
5P_tRNA-His-GTG-1-8	5' leader	GTG	His
5P_tRNA-His-GTG-1-9	5' leader	GTG	His
5P_tRNA-His-GTG-2-1	5' leader	GTG	His
5P_tRNA-Ile-AAT-1-1	5' leader	AAT	Ile
5P_tRNA-Ile-AAT-2-1	5' leader	AAT	Ile
5P_tRNA-Ile-AAT-3-1	5' leader	AAT	Ile
5P_tRNA-Ile-AAT-4-1	5' leader	AAT	Ile
5P_tRNA-Ile-AAT-5-1	5' leader	AAT	Ile
5P_tRNA-Ile-AAT-5-2	5' leader	AAT	Ile
5P_tRNA-Ile-AAT-5-3	5' leader	AAT	Ile
5P_tRNA-Ile-AAT-5-4	5' leader	AAT	Ile
5P_tRNA-Ile-AAT-5-5	5' leader	AAT	Ile
5P_tRNA-Ile-AAT-6-1	5' leader	AAT	Ile
5P_tRNA-Ile-AAT-7-1	5' leader	AAT	Ile
5P_tRNA-Ile-AAT-7-2	5' leader	AAT	Ile
5P_tRNA-Ile-AAT-8-1	5' leader	AAT	Ile
5P_tRNA-Ile-AAT-9-1	5' leader	AAT	Ile
5P_tRNA-Ile-GAT-1-1	5' leader	GAT	Ile
5P_tRNA-Ile-GAT-1-2	5' leader	GAT	Ile
5P_tRNA-Ile-GAT-1-3	5' leader	GAT	Ile
5P_tRNA-Ile-TAT-1-1	5' leader	TAT	Ile
5P_tRNA-Ile-TAT-2-1	5' leader	TAT	Ile
5P_tRNA-Ile-TAT-2-2	5' leader	TAT	Ile
5P_tRNA-Ile-TAT-2-3	5' leader	TAT	Ile
5P_tRNA-Ile-TAT-3-1	5' leader	TAT	Ile
5P_tRNA-Leu-AAG-1-1	5' leader	AAG	Leu
5P_tRNA-Leu-AAG-1-2	5' leader	AAG	Leu
5P_tRNA-Leu-AAG-1-3	5' leader	AAG	Leu
5P_tRNA-Leu-AAG-2-1	5' leader	AAG	Leu
5P_tRNA-Leu-AAG-2-2	5' leader	AAG	Leu
5P_tRNA-Leu-AAG-2-3	5' leader	AAG	Leu
5P_tRNA-Leu-AAG-2-4	5' leader	AAG	Leu
5P_tRNA-Leu-AAG-3-1	5' leader	AAG	Leu
5P_tRNA-Leu-AAG-4-1	5' leader	AAG	Leu
5P_tRNA-Leu-CAA-1-1	5' leader	CAA	Leu
5P_tRNA-Leu-CAA-1-2	5' leader	CAA	Leu
5P_tRNA-Leu-CAA-2-1	5' leader	CAA	Leu
5P_tRNA-Leu-CAA-3-1	5' leader	CAA	Leu
5P_tRNA-Leu-CAA-4-1	5' leader	CAA	Leu
5P_tRNA-Leu-CAA-5-1	5' leader	CAA	Leu
5P_tRNA-Leu-CAA-6-1	5' leader	CAA	Leu
5P_tRNA-Leu-CAG-1-1	5' leader	CAG	Leu
5P_tRNA-Leu-CAG-1-2	5' leader	CAG	Leu
5P_tRNA-Leu-CAG-1-3	5' leader	CAG	Leu
5P_tRNA-Leu-CAG-1-4	5' leader	CAG	Leu
5P_tRNA-Leu-CAG-1-5	5' leader	CAG	Leu
5P_tRNA-Leu-CAG-1-6	5' leader	CAG	Leu
5P_tRNA-Leu-CAG-1-7	5' leader	CAG	Leu
5P_tRNA-Leu-CAG-2-1	5' leader	CAG	Leu
5P_tRNA-Leu-CAG-2-2	5' leader	CAG	Leu
5P_tRNA-Leu-TAA-1-1	5' leader	TAA	Leu
5P_tRNA-Leu-TAA-2-1	5' leader	TAA	Leu
5P_tRNA-Leu-TAA-3-1	5' leader	TAA	Leu
5P_tRNA-Leu-TAA-4-1	5' leader	TAA	Leu
5P_tRNA-Leu-TAG-1-1	5' leader	TAG	Leu
5P_tRNA-Leu-TAG-2-1	5' leader	TAG	Leu
5P_tRNA-Leu-TAG-3-1	5' leader	TAG	Leu
5P_tRNA-Lys-CTT-1-1	5' leader	CTT	Lys
5P_tRNA-Lys-CTT-1-2	5' leader	CTT	Lys
5P_tRNA-Lys-CTT-10-1	5' leader	CTT	Lys
5P_tRNA-Lys-CTT-11-1	5' leader	CTT	Lys
5P_tRNA-Lys-CTT-2-1	5' leader	CTT	Lys
5P_tRNA-Lys-CTT-2-2	5' leader	CTT	Lys
5P_tRNA-Lys-CTT-2-3	5' leader	CTT	Lys
5P_tRNA-Lys-CTT-2-4	5' leader	CTT	Lys
5P_tRNA-Lys-CTT-2-5	5' leader	CTT	Lys
5P_tRNA-Lys-CTT-3-1	5' leader	CTT	Lys
5P_tRNA-Lys-CTT-4-1	5' leader	CTT	Lys
5P_tRNA-Lys-CTT-5-1	5' leader	CTT	Lys
5P_tRNA-Lys-CTT-7-1	5' leader	CTT	Lys
5P_tRNA-Lys-CTT-8-1	5' leader	CTT	Lys
5P_tRNA-Lys-CTT-9-1	5' leader	CTT	Lys
5P_tRNA-Lys-TTT-1-1	5' leader	TTT	Lys
5P_tRNA-Lys-TTT-11-1	5' leader	TTT	Lys
5P_tRNA-Lys-TTT-2-1	5' leader	TTT	Lys
5P_tRNA-Lys-TTT-3-1	5' leader	TTT	Lys
5P_tRNA-Lys-TTT-3-2	5' leader	TTT	Lys
5P_tRNA-Lys-TTT-3-3	5' leader	TTT	Lys
5P_tRNA-Lys-TTT-3-4	5' leader	TTT	Lys
5P_tRNA-Lys-TTT-3-5	5' leader	TTT	Lys
5P_tRNA-Lys-TTT-4-1	5' leader	TTT	Lys
5P_tRNA-Lys-TTT-5-1	5' leader	TTT	Lys
5P_tRNA-Lys-TTT-6-1	5' leader	TTT	Lys
5P_tRNA-Lys-TTT-7-1	5' leader	TTT	Lys
5P_tRNA-Met-CAT-1-1	5' leader	CAT	Met
5P_tRNA-Met-CAT-2-1	5' leader	CAT	Met
5P_tRNA-Met-CAT-3-1	5' leader	CAT	Met
5P_tRNA-Met-CAT-3-2	5' leader	CAT	Met
5P_tRNA-Met-CAT-4-1	5' leader	CAT	Met
5P_tRNA-Met-CAT-4-2	5' leader	CAT	Met
5P_tRNA-Met-CAT-4-3	5' leader	CAT	Met
5P_tRNA-Met-CAT-5-1	5' leader	CAT	Met
5P_tRNA-Met-CAT-6-1	5' leader	CAT	Met
5P_tRNA-Met-CAT-7-1	5' leader	CAT	Met
5P_tRNA-Phe-GAA-1-1	5' leader	GAA	Phe
5P_tRNA-Phe-GAA-1-2	5' leader	GAA	Phe
5P_tRNA-Phe-GAA-1-3	5' leader	GAA	Phe
5P_tRNA-Phe-GAA-1-4	5' leader	GAA	Phe
5P_tRNA-Phe-GAA-1-5	5' leader	GAA	Phe
5P_tRNA-Phe-GAA-1-6	5' leader	GAA	Phe
5P_tRNA-Phe-GAA-2-1	5' leader	GAA	Phe
5P_tRNA-Phe-GAA-3-1	5' leader	GAA	Phe
5P_tRNA-Phe-GAA-4-1	5' leader	GAA	Phe
5P_tRNA-Phe-GAA-6-1	5' leader	GAA	Phe
5P_tRNA-Pro-AGG-1-1	5' leader	AGG	Pro
5P_tRNA-Pro-AGG-2-1	5' leader	AGG	Pro
5P_tRNA-Pro-AGG-2-2	5' leader	AGG	Pro
5P_tRNA-Pro-AGG-2-3	5' leader	AGG	Pro
5P_tRNA-Pro-AGG-2-4	5' leader	AGG	Pro
5P_tRNA-Pro-AGG-2-5	5' leader	AGG	Pro
5P_tRNA-Pro-AGG-2-6	5' leader	AGG	Pro
5P_tRNA-Pro-AGG-2-7	5' leader	AGG	Pro
5P_tRNA-Pro-AGG-2-8	5' leader	AGG	Pro
5P_tRNA-Pro-CGG-1-1	5' leader	CGG	Pro
5P_tRNA-Pro-CGG-1-2	5' leader	CGG	Pro
5P_tRNA-Pro-CGG-1-3	5' leader	CGG	Pro
5P_tRNA-Pro-CGG-2-1	5' leader	CGG	Pro
5P_tRNA-Pro-TGG-1-1	5' leader	TGG	Pro
5P_tRNA-Pro-TGG-2-1	5' leader	TGG	Pro
5P_tRNA-Pro-TGG-3-1	5' leader	TGG	Pro
5P_tRNA-Pro-TGG-3-2	5' leader	TGG	Pro
5P_tRNA-Pro-TGG-3-3	5' leader	TGG	Pro
5P_tRNA-Pro-TGG-3-4	5' leader	TGG	Pro
5P_tRNA-Pro-TGG-3-5	5' leader	TGG	Pro
5P_tRNA-SeC-TCA-1-1	5' leader	TCA	SeC
5P_tRNA-SeC-TCA-2-1	5' leader	TCA	SeC
5P_tRNA-Ser-AGA-1-1	5' leader	AGA	Ser
5P_tRNA-Ser-AGA-2-1	5' leader	AGA	Ser
5P_tRNA-Ser-AGA-2-2	5' leader	AGA	Ser
5P_tRNA-Ser-AGA-2-3	5' leader	AGA	Ser
5P_tRNA-Ser-AGA-2-4	5' leader	AGA	Ser
5P_tRNA-Ser-AGA-2-5	5' leader	AGA	Ser
5P_tRNA-Ser-AGA-2-6	5' leader	AGA	Ser
5P_tRNA-Ser-AGA-3-1	5' leader	AGA	Ser
5P_tRNA-Ser-AGA-4-1	5' leader	AGA	Ser
5P_tRNA-Ser-CGA-1-1	5' leader	CGA	Ser
5P_tRNA-Ser-CGA-2-1	5' leader	CGA	Ser
5P_tRNA-Ser-CGA-3-1	5' leader	CGA	Ser
5P_tRNA-Ser-CGA-4-1	5' leader	CGA	Ser
5P_tRNA-Ser-GCT-1-1	5' leader	GCT	Ser
5P_tRNA-Ser-GCT-2-1	5' leader	GCT	Ser
5P_tRNA-Ser-GCT-3-1	5' leader	GCT	Ser
5P_tRNA-Ser-GCT-4-1	5' leader	GCT	Ser
5P_tRNA-Ser-GCT-4-2	5' leader	GCT	Ser
5P_tRNA-Ser-GCT-4-3	5' leader	GCT	Ser
5P_tRNA-Ser-GCT-5-1	5' leader	GCT	Ser
5P_tRNA-Ser-GCT-6-1	5' leader	GCT	Ser
5P_tRNA-Ser-TGA-1-1	5' leader	TGA	Ser
5P_tRNA-Ser-TGA-2-1	5' leader	TGA	Ser
5P_tRNA-Ser-TGA-3-1	5' leader	TGA	Ser
5P_tRNA-Ser-TGA-4-1	5' leader	TGA	Ser
5P_tRNA-Thr-AGT-1-1	5' leader	AGT	Thr
5P_tRNA-Thr-AGT-1-2	5' leader	AGT	Thr
5P_tRNA-Thr-AGT-1-3	5' leader	AGT	Thr
5P_tRNA-Thr-AGT-2-1	5' leader	AGT	Thr
5P_tRNA-Thr-AGT-2-2	5' leader	AGT	Thr
5P_tRNA-Thr-AGT-3-1	5' leader	AGT	Thr
5P_tRNA-Thr-AGT-4-1	5' leader	AGT	Thr
5P_tRNA-Thr-AGT-5-1	5' leader	AGT	Thr
5P_tRNA-Thr-AGT-6-1	5' leader	AGT	Thr
5P_tRNA-Thr-CGT-1-1	5' leader	CGT	Thr
5P_tRNA-Thr-CGT-2-1	5' leader	CGT	Thr
5P_tRNA-Thr-CGT-3-1	5' leader	CGT	Thr
5P_tRNA-Thr-CGT-4-1	5' leader	CGT	Thr
5P_tRNA-Thr-CGT-5-1	5' leader	CGT	Thr
5P_tRNA-Thr-TGT-1-1	5' leader	TGT	Thr
5P_tRNA-Thr-TGT-2-1	5' leader	TGT	Thr
5P_tRNA-Thr-TGT-3-1	5' leader	TGT	Thr
5P_tRNA-Thr-TGT-4-1	5' leader	TGT	Thr
5P_tRNA-Thr-TGT-5-1	5' leader	TGT	Thr
5P_tRNA-Thr-TGT-6-1	5' leader	TGT	Thr
5P_tRNA-Trp-CCA-1-1	5' leader	CCA	Trp
5P_tRNA-Trp-CCA-2-1	5' leader	CCA	Trp
5P_tRNA-Trp-CCA-3-1	5' leader	CCA	Trp
5P_tRNA-Trp-CCA-3-2	5' leader	CCA	Trp
5P_tRNA-Trp-CCA-3-3	5' leader	CCA	Trp
5P_tRNA-Trp-CCA-4-1	5' leader	CCA	Trp
5P_tRNA-Trp-CCA-5-1	5' leader	CCA	Trp
5P_tRNA-Tyr-ATA-1-1	5' leader	ATA	Tyr
5P_tRNA-Tyr-GTA-1-1	5' leader	GTA	Tyr
5P_tRNA-Tyr-GTA-2-1	5' leader	GTA	Tyr
5P_tRNA-Tyr-GTA-3-1	5' leader	GTA	Tyr
5P_tRNA-Tyr-GTA-4-1	5' leader	GTA	Tyr
5P_tRNA-Tyr-GTA-5-1	5' leader	GTA	Tyr
5P_tRNA-Tyr-GTA-5-2	5' leader	GTA	Tyr
5P_tRNA-Tyr-GTA-5-3	5' leader	GTA	Tyr
5P_tRNA-Tyr-GTA-5-4	5' leader	GTA	Tyr
5P_tRNA-Tyr-GTA-5-5	5' leader	GTA	Tyr
5P_tRNA-Tyr-GTA-6-1	5' leader	GTA	Tyr
5P_tRNA-Tyr-GTA-7-1	5' leader	GTA	Tyr
5P_tRNA-Tyr-GTA-8-1	5' leader	GTA	Tyr
5P_tRNA-Tyr-GTA-9-1	5' leader	GTA	Tyr
5P_tRNA-Val-AAC-1-1	5' leader	AAC	Val
5P_tRNA-Val-AAC-1-2	5' leader	AAC	Val
5P_tRNA-Val-AAC-1-3	5' leader	AAC	Val
5P_tRNA-Val-AAC-1-4	5' leader	AAC	Val
5P_tRNA-Val-AAC-1-5	5' leader	AAC	Val
5P_tRNA-Val-AAC-2-1	5' leader	AAC	Val
5P_tRNA-Val-AAC-3-1	5' leader	AAC	Val
5P_tRNA-Val-AAC-4-1	5' leader	AAC	Val
5P_tRNA-Val-AAC-5-1	5' leader	AAC	Val
5P_tRNA-Val-AAC-6-1	5' leader	AAC	Val
5P_tRNA-Val-CAC-1-1	5' leader	CAC	Val
5P_tRNA-Val-CAC-1-2	5' leader	CAC	Val
5P_tRNA-Val-CAC-1-3	5' leader	CAC	Val
5P_tRNA-Val-CAC-1-4	5' leader	CAC	Val
5P_tRNA-Val-CAC-1-5	5' leader	CAC	Val
5P_tRNA-Val-CAC-1-6	5' leader	CAC	Val
5P_tRNA-Val-CAC-2-1	5' leader	CAC	Val
5P_tRNA-Val-CAC-3-1	5' leader	CAC	Val
5P_tRNA-Val-CAC-4-1	5' leader	CAC	Val
5P_tRNA-Val-CAC-5-1	5' leader	CAC	Val
5P_tRNA-Val-CAC-6-1	5' leader	CAC	Val
5P_tRNA-Val-TAC-1-1	5' leader	TAC	Val
5P_tRNA-Val-TAC-1-2	5' leader	TAC	Val
5P_tRNA-Val-TAC-2-1	5' leader	TAC	Val
5P_tRNA-Val-TAC-3-1	5' leader	TAC	Val
5P_tRNA-Val-TAC-4-1	5' leader	TAC	Val
5P_tRNA-iMet-CAT-1-1	5' leader	CAT	iMet
5P_tRNA-iMet-CAT-1-2	5' leader	CAT	iMet
5P_tRNA-iMet-CAT-1-3	5' leader	CAT	iMet
5P_tRNA-iMet-CAT-1-4	5' leader	CAT	iMet
5P_tRNA-iMet-CAT-1-5	5' leader	CAT	iMet
5P_tRNA-iMet-CAT-1-6	5' leader	CAT	iMet
5P_tRNA-iMet-CAT-1-7	5' leader	CAT	iMet
5P_tRNA-iMet-CAT-1-8	5' leader	CAT	iMet
5P_tRNA-iMet-CAT-2-1	5' leader	CAT	iMet
ts-1	tsRNA	GTG	His
ts-2	tsRNA	GCC	Gly
ts-2	tsRNA	GCC	Gly
ts-2	tsRNA	GCC	Gly
ts-2	tsRNA	GCC	Gly
ts-2	tsRNA	GCC	Gly
ts-3	tsRNA	GTC	Asp
ts-4	tsRNA	CTT	Lys
ts-5	tsRNA	TGG	Pro
ts-6	tsRNA	TGT	Thr
ts-7	tsRNA	AAC	Val
ts-8	tsRNA	AAG	Leu
ts-8	tsRNA	AAG	Leu
ts-9	tsRNA	AAT	Ile
ts-10	tsRNA	CAC	Val
ts-11	tsRNA	CGA	Ser
ts-12	tsRNA	ACG	Arg
ts-13	tsRNA	TTT	Lys
ts-14	tsRNA	CTG	Gln
ts-15	tsRNA	GTC	Asp
ts-16	tsRNA	GAA	Phe
ts-17	tsRNA	AAT	Ile
ts-18	tsRNA	ACG	Arg
ts-19	tsRNA	CAC	Val
ts-20	tsRNA	AGT	Thr
ts-21	tsRNA	CAC	Val
ts-22	tsRNA	CTG	Gln
ts-23	tsRNA	TGC	Ala
ts-24	tsRNA	TTT	Lys
ts-25	tsRNA	TTT	Lys
ts-26	tsRNA	CAA	Leu
ts-27	tsRNA	GTG	His
ts-27	tsRNA	GTG	His
ts-28	tsRNA	GCC	Gly
ts-29	tsRNA	GTA	Tyr
ts-30	tsRNA	GTG	His
ts-31	tsRNA	TCG	Arg
ts-32	tsRNA	TAC	Val
ts-33	tsRNA	CTC	Glu
ts-34	tsRNA	TAC	Val
ts-35	tsRNA	CAA	Leu
ts-36	tsRNA	TGA	Ser
ts-37	tsRNA	TAC	Val
ts-38	tsRNA	GTC	Asp
ts-39	tsRNA	CTG	Gln
ts-40	tsRNA	CTC	Glu
ts-41	tsRNA	GTC	Asp
ts-42	tsRNA	TTC	Glu
ts-43	tsRNA	GTG	His
ts-44	tsRNA	GTG	His
ts-45	tsRNA	CTG	Gln
ts-46	tsRNA	GTG	His
ts-47	tsRNA	TCG	Arg
ts-48	tsRNA	CCT	Arg
ts-49	tsRNA	CGT	Thr
ts-50	tsRNA	TAG	Leu
ts-51	tsRNA	CCT	Arg
ts-52	tsRNA	AGT	Thr
ts-53	tsRNA	AGT	Thr
ts-54	tsRNA	CTA	Sup
ts-55	tsRNA	GCA	Cys
ts-56	tsRNA	GCA	Cys
ts-58	tsRNA	CGC	Ala
ts-59	tsRNA	TTG	Gln
ts-60	tsRNA	GCA	Cys
ts-61	tsRNA	AAG	Leu
ts-62	tsRNA	AAG	Leu
ts-63	tsRNA	CAT	Met
ts-64	tsRNA	CTG	Gln
ts-64	tsRNA	CTG	Gln
ts-65	tsRNA	ACG	Arg
ts-66	tsRNA	AAT	Ile
ts-67	tsRNA	AAT	Ile
ts-68	tsRNA	CGT	Thr
ts-69	tsRNA	CGC	Ala
ts-70	tsRNA	GAA	Phe
ts-71	tsRNA	GCA	Cys
ts-72	tsRNA	CTG	Gln
ts-73	tsRNA	CTG	Gln
ts-74	tsRNA	GTC	Asp
ts-75	tsRNA	TGT	Thr
ts-76	tsRNA	GCT	Ser
ts-77	tsRNA	CCT	Arg
ts-78	tsRNA	GCC	Gly
ts-79	tsRNA	CCC	Gly
ts-80	tsRNA	CGT	Thr
ts-81	tsRNA	CTC	Glu
ts-82	tsRNA	GTA	Tyr
ts-83	tsRNA	CCC	Gly
ts-84	tsRNA	CTT	Lys
ts-85	tsRNA	GCA	Cys
ts-86	tsRNA	TTG	Gln
ts-87	tsRNA	CTC	Glu
ts-88	tsRNA	GTG	His
ts-89	tsRNA	CCT	Arg
ts-90	tsRNA	AAT	Ile
ts-91	tsRNA	AGT	Thr
ts-92	tsRNA	CGG	Pro
ts-93	tsRNA	GCA	Cys
ts-94	tsRNA	ACG	Arg
ts-95	tsRNA	TGT	Thr
ts-96	tsRNA	TCT	Arg
ts-97	tsRNA	GCT	Ser
ts-98	tsRNA	TTG	Gln
ts-99	tsRNA	GCA	Cys
ts-100	tsRNA	CTC	Glu
ts-101	tsRNA	GCT	Ser
ts-102	tsRNA	CTG	Gln
ts-103	tsRNA	TCA	SeC
ts-104	tsRNA	CTG	Gln
ts-105	tsRNA	TAC	Val
ts-106	tsRNA	GTT	Asn
ts-107	tsRNA	AGC	Ala
ts-108	tsRNA	TTG	Gln
ts-109	tsRNA	CCG	Arg
ts-110	tsRNA	GTC	Asp
ts-111	tsRNA	TCG	Arg
ts-112	tsRNA	GCT	Ser
ts-113	tsRNA	AAC	Val
